t_s,phase,ec_max_c,argmax,rpm
0.0,fanctrl_idle,76,cpu@4c,2649
2.0,fanctrl_idle,76,cpu@4c,2642
4.0,fanctrl_idle,75,cpu@4c,2649
6.0,fanctrl_idle,75,cpu@4c,2649
8.0,fanctrl_idle,75,cpu@4c,2649
10.0,fanctrl_idle,75,cpu@4c,2649
12.0,fanctrl_idle,75,cpu@4c,2649
14.0,fanctrl_idle,75,cpu@4c,2649
16.0,fanctrl_idle,75,cpu@4c,2649
18.0,fanctrl_idle,75,cpu@4c,2642
20.0,fanctrl_idle,75,cpu@4c,2649
22.0,fanctrl_idle,75,cpu@4c,2649
24.0,fanctrl_idle,75,cpu@4c,2642
26.0,fanctrl_idle,75,cpu@4c,2649
28.0,fanctrl_idle,75,cpu@4c,2649
30.0,fanctrl_idle,75,cpu@4c,2649
32.0,fanctrl_idle,75,cpu@4c,2649
34.0,fanctrl_idle,75,cpu@4c,2642
36.0,fanctrl_idle,75,cpu@4c,2642
38.0,fanctrl_idle,75,cpu@4c,2649
40.0,fanctrl_idle,75,cpu@4c,2656
42.0,fanctrl_idle,75,cpu@4c,2649
44.0,fanctrl_idle,75,cpu@4c,2649
46.0,fanctrl_idle,75,cpu@4c,2649
48.0,fanctrl_idle,75,cpu@4c,2649
50.0,fanctrl_idle,75,cpu@4c,2642
52.0,fanctrl_idle,75,cpu@4c,2649
54.0,fanctrl_idle,75,cpu@4c,2649
56.0,fanctrl_idle,75,cpu@4c,2649
58.0,fanctrl_idle,75,cpu@4c,2649
60.0,ec_idle,75,cpu@4c,2642
62.0,ec_idle,75,cpu@4c,3587
64.0,ec_idle,74,cpu@4c,4939
66.0,ec_idle,73,cpu@4c,4772
68.0,ec_idle,72,cpu@4c,4748
70.0,ec_idle,72,cpu@4c,4772
72.0,ec_idle,71,apu_f75303@4d,4748
74.0,ec_idle,70,ambient_f75303@4d,4748
76.0,ec_idle,71,ambient_f75303@4d,4748
78.0,ec_idle,71,ambient_f75303@4d,4748
80.0,ec_idle,70,ambient_f75303@4d,4748
82.0,ec_idle,70,ambient_f75303@4d,4748
84.0,ec_idle,70,ambient_f75303@4d,4772
86.0,ec_idle,70,ambient_f75303@4d,4748
88.0,ec_idle,70,ambient_f75303@4d,4748
90.1,ec_idle,70,ambient_f75303@4d,4748
92.1,ec_idle,70,ambient_f75303@4d,4748
94.1,ec_idle,70,ambient_f75303@4d,4748
96.1,ec_idle,69,ambient_f75303@4d,4748
98.1,ec_idle,69,ambient_f75303@4d,4748
100.1,ec_idle,69,ambient_f75303@4d,4748
102.1,ec_idle,70,ambient_f75303@4d,4748
104.1,ec_idle,69,ambient_f75303@4d,4748
106.1,ec_idle,69,ambient_f75303@4d,4748
108.1,ec_idle,69,ambient_f75303@4d,4748
110.1,ec_idle,69,ambient_f75303@4d,4748
112.1,ec_idle,69,ambient_f75303@4d,4748
114.1,ec_idle,69,ambient_f75303@4d,4748
116.1,ec_idle,68,ambient_f75303@4d,4748
118.1,ec_idle,68,ambient_f75303@4d,4748
120.1,ec_idle,68,ambient_f75303@4d,4772
122.1,ec_idle,68,ambient_f75303@4d,4748
124.1,ec_idle,68,ambient_f75303@4d,4748
126.1,ec_idle,68,ambient_f75303@4d,4748
128.1,ec_idle,68,ambient_f75303@4d,4748
130.1,ec_idle,68,ambient_f75303@4d,4726
132.1,ec_idle,67,ambient_f75303@4d,4726
134.1,ec_idle,67,ambient_f75303@4d,4772
136.1,ec_idle,67,ambient_f75303@4d,4726
138.1,ec_idle,68,ambient_f75303@4d,4748
140.1,ec_idle,67,ambient_f75303@4d,4748
142.1,ec_idle,67,ambient_f75303@4d,4748
144.1,ec_idle,68,ambient_f75303@4d,4748
146.1,ec_idle,67,ambient_f75303@4d,4748
148.1,ec_idle,67,ambient_f75303@4d,4748
150.1,ec_load,67,ambient_f75303@4d,4748
152.1,ec_load,70,cpu@4c,4748
154.1,ec_load,71,cpu@4c,4726
156.1,ec_load,72,cpu@4c,4748
158.1,ec_load,72,cpu@4c,4772
160.1,ec_load,72,cpu@4c,4748
162.1,ec_load,72,cpu@4c,4748
164.1,ec_load,73,cpu@4c,4726
166.1,ec_load,73,cpu@4c,4748
168.1,ec_load,73,cpu@4c,4772
170.1,ec_load,73,cpu@4c,4748
172.1,ec_load,73,cpu@4c,4748
174.1,ec_load,73,cpu@4c,4748
176.1,ec_load,73,cpu@4c,4726
178.1,ec_load,73,cpu@4c,4748
180.1,ec_load,72,cpu@4c,4726
182.1,ec_load,72,cpu@4c,4748
184.1,ec_load,72,cpu@4c,4748
186.1,ec_load,72,cpu@4c,4748
188.1,ec_load,72,cpu@4c,4726
190.1,ec_load,72,cpu@4c,4748
192.1,ec_load,72,cpu@4c,4748
194.1,ec_load,72,cpu@4c,4748
196.1,ec_load,72,cpu@4c,4726
198.1,ec_load,72,cpu@4c,4748
200.1,ec_load,72,cpu@4c,4748
202.1,ec_load,72,cpu@4c,4726
204.1,ec_load,72,cpu@4c,4726
206.1,ec_load,72,cpu@4c,4748
208.1,ec_load,72,cpu@4c,4748
210.1,ec_load,72,cpu@4c,4726
212.1,ec_load,72,cpu@4c,4748
214.1,ec_load,72,cpu@4c,4726
216.1,ec_load,72,cpu@4c,4748
218.1,ec_load,72,cpu@4c,4726
220.1,ec_load,72,cpu@4c,4748
222.1,ec_load,72,cpu@4c,4748
224.1,ec_load,72,cpu@4c,4748
226.1,ec_load,72,cpu@4c,4748
228.1,ec_load,72,cpu@4c,4726
230.1,ec_load,72,cpu@4c,4748
232.1,ec_load,71,cpu@4c,4748
234.1,ec_load,72,cpu@4c,4726
236.1,ec_load,72,cpu@4c,4748
238.1,ec_load,72,cpu@4c,4748
240.1,ec_load,71,cpu@4c,4748
242.1,ec_load,71,cpu@4c,4748
244.1,ec_load,71,cpu@4c,4748
246.1,ec_load,72,cpu@4c,4726
248.1,ec_load,71,cpu@4c,4748
250.1,ec_load,71,cpu@4c,4748
252.1,ec_load,71,cpu@4c,4726
254.1,ec_load,71,cpu@4c,4748
256.1,ec_load,71,cpu@4c,4748
258.1,ec_load,71,cpu@4c,4748
260.1,ec_load,72,cpu@4c,4748
262.1,ec_load,72,cpu@4c,4726
264.1,ec_load,72,cpu@4c,4748
266.1,ec_load,72,cpu@4c,4726
268.1,ec_load,71,cpu@4c,4726
270.1,ec_load,71,cpu@4c,4726
272.2,ec_load,72,cpu@4c,4748
274.2,ec_load,71,cpu@4c,4748
276.2,ec_load,71,cpu@4c,4748
278.2,ec_load,71,cpu@4c,4748
280.2,ec_load,71,cpu@4c,4748
282.2,ec_load,71,cpu@4c,4748
284.2,ec_load,71,cpu@4c,4748
286.2,ec_load,71,cpu@4c,4748
288.2,ec_load,71,cpu@4c,4748
290.2,ec_load,71,cpu@4c,4748
292.2,ec_load,71,cpu@4c,4748
294.2,ec_load,71,cpu@4c,4748
296.2,ec_load,71,cpu@4c,4748
298.2,ec_load,71,cpu@4c,4726
300.2,ec_load,71,cpu@4c,4748
302.2,ec_load,71,cpu@4c,4726
304.2,ec_load,71,cpu@4c,4748
306.2,ec_load,71,cpu@4c,4726
308.2,ec_load,71,cpu@4c,4726
310.2,ec_load,71,cpu@4c,4726
312.2,ec_load,71,cpu@4c,4748
314.2,ec_load,71,cpu@4c,4726
316.2,ec_load,71,cpu@4c,4748
318.2,ec_load,71,cpu@4c,4748
320.2,ec_load,71,cpu@4c,4748
322.2,ec_load,71,cpu@4c,4748
324.2,ec_load,71,cpu@4c,4748
326.2,ec_load,71,cpu@4c,4748
328.2,ec_load,71,cpu@4c,4748
330.2,ec_load,71,cpu@4c,4748
332.2,ec_load,71,cpu@4c,4726
334.2,ec_load,71,cpu@4c,4748
336.2,ec_load,71,cpu@4c,4726
338.2,ec_load,71,cpu@4c,4748
340.2,ec_load,71,cpu@4c,4726
342.2,ec_load,71,cpu@4c,4748
344.2,ec_load,71,cpu@4c,4748
346.2,ec_load,71,cpu@4c,4726
348.2,ec_load,71,cpu@4c,4748
350.2,ec_load,71,cpu@4c,4726
352.2,ec_load,71,cpu@4c,4748
354.2,ec_load,71,cpu@4c,4726
356.2,ec_load,71,cpu@4c,4748
358.2,ec_load,71,cpu@4c,4748
360.2,ec_load,71,cpu@4c,4726
362.2,ec_load,71,cpu@4c,4748
364.2,ec_load,71,cpu@4c,4726
366.2,ec_load,71,cpu@4c,4726
368.2,ec_load,71,cpu@4c,4748
370.2,ec_load,71,cpu@4c,4726
372.2,ec_load,71,cpu@4c,4726
374.2,ec_load,71,cpu@4c,4748
376.2,ec_load,71,cpu@4c,4726
378.2,ec_load,71,cpu@4c,4726
380.2,ec_load,71,cpu@4c,4748
382.2,ec_load,71,cpu@4c,4726
384.2,ec_load,71,cpu@4c,4748
386.2,ec_load,71,cpu@4c,4748
388.2,ec_load,71,cpu@4c,4748
390.2,ec_load,71,cpu@4c,4726
392.2,ec_load,71,cpu@4c,4748
394.2,ec_load,70,cpu@4c,4593
396.2,ec_load,71,cpu@4c,4572
398.2,ec_load,71,cpu@4c,4593
400.2,ec_load,71,cpu@4c,4593
402.2,ec_load,71,cpu@4c,4593
404.2,ec_load,70,cpu@4c,4593
406.2,ec_load,70,cpu@4c,4615
408.2,ec_load,71,cpu@4c,4593
410.2,ec_load,71,cpu@4c,4572
412.2,ec_load,71,cpu@4c,4572
414.2,ec_load,71,cpu@4c,4593
416.2,ec_load,71,cpu@4c,4593
418.2,ec_load,71,cpu@4c,4572
420.2,ec_load,71,cpu@4c,4593
422.2,ec_load,71,cpu@4c,4593
424.2,ec_load,71,cpu@4c,4572
426.2,ec_load,71,cpu@4c,4593
428.2,ec_load,71,cpu@4c,4658
430.2,ec_load,71,cpu@4c,4681
432.2,ec_load,71,cpu@4c,4681
434.3,ec_load,71,cpu@4c,4681
436.3,ec_load,71,cpu@4c,4658
438.3,ec_load,71,cpu@4c,4681
440.3,ec_load,71,cpu@4c,4681
442.3,ec_load,71,cpu@4c,4681
444.3,ec_load,71,cpu@4c,4658
446.3,ec_load,71,cpu@4c,4681
448.3,ec_load,71,cpu@4c,4658
450.3,ec_decay,71,cpu@4c,4681
452.3,ec_decay,67,cpu@4c,4681
454.3,ec_decay,64,ambient_f75303@4d,4658
456.3,ec_decay,64,ambient_f75303@4d,4658
458.3,ec_decay,64,ambient_f75303@4d,4681
460.3,ec_decay,64,ambient_f75303@4d,4658
462.3,ec_decay,63,ambient_f75303@4d,4681
464.3,ec_decay,63,ambient_f75303@4d,4658
466.3,ec_decay,63,ambient_f75303@4d,4509
468.3,ec_decay,63,ambient_f75303@4d,4658
470.3,ec_decay,63,ambient_f75303@4d,4681
472.3,ec_decay,63,ambient_f75303@4d,4658
474.3,ec_decay,63,ambient_f75303@4d,4658
476.3,ec_decay,62,ambient_f75303@4d,4658
478.3,ec_decay,63,ambient_f75303@4d,4658
480.3,ec_decay,62,ambient_f75303@4d,4509
482.3,ec_decay,63,ambient_f75303@4d,4509
484.3,ec_decay,63,ambient_f75303@4d,4530
486.3,ec_decay,63,ambient_f75303@4d,4509
488.3,ec_decay,63,ambient_f75303@4d,4509
490.3,ec_decay,63,ambient_f75303@4d,4468
492.3,ec_decay,63,ambient_f75303@4d,4292
494.3,ec_decay,63,ambient_f75303@4d,4311
496.3,ec_decay,63,ambient_f75303@4d,4311
498.3,ec_decay,62,ambient_f75303@4d,4292
500.3,ec_decay,62,ambient_f75303@4d,4311
502.3,ec_decay,62,ambient_f75303@4d,4274
504.3,ec_decay,62,ambient_f75303@4d,4292
506.3,ec_decay,62,ambient_f75303@4d,4292
508.3,ec_decay,62,ambient_f75303@4d,4292
510.3,ec_decay,62,ambient_f75303@4d,4292
512.3,ec_decay,62,ambient_f75303@4d,4165
514.3,ec_decay,62,ambient_f75303@4d,4147
516.3,ec_decay,61,ambient_f75303@4d,4165
518.3,ec_decay,61,ambient_f75303@4d,4165
520.3,ec_decay,62,ambient_f75303@4d,4028
522.3,ec_decay,61,ambient_f75303@4d,4028
524.3,ec_decay,61,ambient_f75303@4d,4028
526.3,ec_decay,62,ambient_f75303@4d,4028
528.3,ec_decay,62,ambient_f75303@4d,4028
530.3,ec_decay,61,ambient_f75303@4d,4028
532.3,ec_decay,61,ambient_f75303@4d,4028
534.3,ec_decay,61,ambient_f75303@4d,4028
536.3,ec_decay,61,ambient_f75303@4d,4028
538.3,ec_decay,61,ambient_f75303@4d,4096
540.3,ec_decay,62,ambient_f75303@4d,4096
542.3,ec_decay,62,ambient_f75303@4d,4096
544.3,ec_decay,61,ambient_f75303@4d,4096
546.3,ec_decay,62,ambient_f75303@4d,4113
548.3,ec_decay,61,ambient_f75303@4d,4096
550.3,ec_decay,61,ambient_f75303@4d,4096
552.3,ec_decay,62,ambient_f75303@4d,4113
554.3,ec_decay,62,ambient_f75303@4d,4096
556.3,ec_decay,62,ambient_f75303@4d,4096
558.3,ec_decay,62,ambient_f75303@4d,4096
560.3,ec_decay,61,ambient_f75303@4d,4079
562.3,ec_decay,61,ambient_f75303@4d,4096
564.3,ec_decay,62,ambient_f75303@4d,4096
566.3,ec_decay,61,ambient_f75303@4d,4079
568.3,ec_decay,62,ambient_f75303@4d,4096
570.3,ec_decay,62,ambient_f75303@4d,4096
572.3,ec_decay,61,ambient_f75303@4d,4028
574.3,ec_decay,61,ambient_f75303@4d,4165
576.3,ec_decay,62,ambient_f75303@4d,4028
578.3,ec_decay,61,ambient_f75303@4d,4096
580.3,ec_decay,62,ambient_f75303@4d,4079
582.3,ec_decay,61,ambient_f75303@4d,4096
584.3,ec_decay,61,ambient_f75303@4d,4079
586.3,ec_decay,62,ambient_f75303@4d,4096
588.3,ec_decay,61,ambient_f75303@4d,4096
590.3,ec_decay,61,ambient_f75303@4d,4096
592.3,ec_decay,61,ambient_f75303@4d,4096
594.3,ec_decay,62,ambient_f75303@4d,4096
596.3,ec_decay,61,ambient_f75303@4d,4096
598.3,ec_decay,61,ambient_f75303@4d,4096
