t,label,ambient_f75303@4d,charger_f75303@4d,apu_f75303@4d,cpu@4c,gpu_amb_f75303@4d,gpu_vr_f75303@4d,gpu_vram_f75303@4d,gpu_temp@40,argmax_sensor,argmax_c,fan0,fan1,fanctrl_pct,gpu_c,gpu_w,gpu_mhz,gpu_util
0,runB-ec-native,58,55,52,46,52,56,51,45,ambient_f75303@4d,58,2146,3536,,45,5.24,180,0
3,runB-ec-native,57,55,52,47,51,57,51,44,ambient_f75303@4d,57,2132,1590,,45,5.22,180,0
5,runB-ec-native,58,54,52,47,52,56,51,45,ambient_f75303@4d,58,2132,508,,45,5.24,180,0
7,runB-ec-native,58,54,52,47,52,55,49,45,ambient_f75303@4d,58,2141,2014,,45,5.21,180,0
9,runB-ec-native,57,54,52,47,51,55,50,44,ambient_f75303@4d,57,2141,2014,,45,5.20,180,0
12,runB-ec-native,57,55,52,62,50,55,49,44,cpu@4c,62,2137,2010,,46,7.05,180,38
14,runB-ec-native,57,55,52,56,51,56,50,62,gpu_temp@40,62,2132,2014,,59,97.31,2122,100
16,runB-ec-native,57,55,52,50,50,56,50,62,gpu_temp@40,62,2141,2022,,66,99.70,2025,100
18,runB-ec-native,58,55,52,49,51,57,51,63,gpu_temp@40,63,2146,2018,,65,99.84,2070,100
21,runB-ec-native,58,55,52,48,51,58,51,66,gpu_temp@40,66,2137,2014,,67,99.93,2070,100
23,runB-ec-native,57,55,52,48,51,60,53,68,gpu_temp@40,68,2141,2014,,70,99.49,2077,100
25,runB-ec-native,58,55,52,47,52,61,53,69,gpu_temp@40,69,2146,2010,,70,100.01,2070,100
28,runB-ec-native,59,54,53,47,53,62,54,71,gpu_temp@40,71,2313,2209,,72,99.83,2070,100
30,runB-ec-native,59,55,53,47,53,63,54,72,gpu_temp@40,72,2313,2204,,72,99.85,2062,100
32,runB-ec-native,58,55,53,47,54,64,56,73,gpu_temp@40,73,2313,2204,,74,99.88,2055,100
34,runB-ec-native,59,56,53,48,55,64,56,74,gpu_temp@40,74,2628,2546,,75,99.83,2055,100
37,runB-ec-native,60,55,53,47,56,66,57,74,gpu_temp@40,74,2816,2857,,75,99.66,2002,100
39,runB-ec-native,60,55,52,48,57,65,57,75,gpu_temp@40,75,3140,2934,,75,99.64,1995,100
41,runB-ec-native,59,55,53,47,57,66,58,75,gpu_temp@40,75,3298,3212,,75,99.51,2002,100
43,runB-ec-native,59,56,53,47,57,67,60,75,gpu_temp@40,75,3536,3437,,75,99.60,2002,100
46,runB-ec-native,60,56,53,47,59,67,60,75,gpu_temp@40,75,3681,3510,,76,100.11,2002,100
48,runB-ec-native,59,55,53,47,59,68,60,75,gpu_temp@40,75,3737,3561,,75,99.44,1995,100
50,runB-ec-native,60,55,53,47,60,68,62,74,gpu_temp@40,74,3947,3795,,75,99.46,2002,100
52,runB-ec-native,61,56,53,46,61,68,62,74,gpu_temp@40,74,3963,3795,,75,99.58,1995,100
55,runB-ec-native,61,56,53,47,61,68,62,74,gpu_temp@40,74,3947,3780,,75,99.62,2040,100
57,runB-ec-native,61,57,53,46,62,69,63,74,gpu_temp@40,74,3947,3795,,75,99.61,1995,100
59,runB-ec-native,61,56,53,46,62,70,63,70,gpu_vr_f75303@4d,70,3947,3780,,75,99.67,2002,100
61,runB-ec-native,61,56,53,46,63,70,63,74,gpu_temp@40,74,3947,3766,,75,99.70,2002,100
64,runB-ec-native,60,56,53,46,63,71,64,74,gpu_temp@40,74,3947,3795,,74,99.57,2010,100
66,runB-ec-native,60,56,53,46,64,71,64,74,gpu_temp@40,74,3947,3795,,75,99.47,1995,100
68,runB-ec-native,61,56,53,46,64,71,64,74,gpu_temp@40,74,3947,3795,,75,99.54,1995,100
71,runB-ec-native,61,57,54,46,63,71,65,74,gpu_temp@40,74,3947,3780,,75,99.71,2070,100
73,runB-ec-native,61,57,53,45,65,72,64,74,gpu_temp@40,74,3947,3780,,75,99.62,2062,100
75,runB-ec-native,61,57,53,45,64,71,64,74,gpu_temp@40,74,3870,3709,,75,99.60,1995,100
77,runB-ec-native,61,57,53,45,65,72,65,74,gpu_temp@40,74,3855,3709,,75,99.53,1995,100
80,runB-ec-native,61,57,53,45,65,73,65,75,gpu_temp@40,75,3855,3709,,75,99.65,2047,100
82,runB-ec-native,62,56,53,45,65,72,65,75,gpu_temp@40,75,3870,3709,,75,99.53,2010,100
84,runB-ec-native,62,56,53,45,65,73,65,74,gpu_temp@40,74,3870,3709,,76,99.60,1995,100
86,runB-ec-native,62,56,53,45,65,73,65,74,gpu_temp@40,74,3855,3709,,76,99.59,1995,100
89,runB-ec-native,62,56,53,45,66,73,66,75,gpu_temp@40,75,3855,3709,,75,99.67,1987,100
91,runB-ec-native,62,57,53,45,66,73,66,75,gpu_temp@40,75,3855,3695,,75,99.72,1995,100
93,runB-ec-native,61,57,53,45,67,73,66,75,gpu_temp@40,75,3855,3709,,75,99.59,1995,100
95,runB-ec-native,62,57,53,45,66,74,67,75,gpu_temp@40,75,3870,3695,,75,99.66,1987,100
98,runB-ec-native,62,57,53,45,66,74,66,75,gpu_temp@40,75,3870,3709,,76,99.69,1995,100
100,runB-ec-native,62,57,53,45,67,74,67,75,gpu_temp@40,75,3870,3709,,76,99.77,2002,100
102,runB-ec-native,62,57,53,45,67,74,67,75,gpu_temp@40,75,3870,3709,,76,99.63,1995,100
105,runB-ec-native,62,57,53,44,68,74,67,75,gpu_temp@40,75,3855,3709,,76,99.62,1995,100
107,runB-ec-native,61,57,53,45,68,75,67,75,gpu_vr_f75303@4d,75,3870,3709,,76,99.69,1987,100
109,runB-ec-native,62,57,53,45,67,75,67,75,gpu_vr_f75303@4d,75,3870,3709,,76,99.74,1987,100
111,runB-ec-native,62,57,53,45,67,75,68,75,gpu_vr_f75303@4d,75,3870,3709,,76,99.63,1995,100
114,runB-ec-native,62,57,53,45,67,75,67,75,gpu_vr_f75303@4d,75,3870,3695,,76,99.65,1995,100
116,runB-ec-native,62,57,53,45,67,76,67,75,gpu_vr_f75303@4d,76,3855,3709,,76,99.63,1995,100
118,runB-ec-native,61,57,53,45,68,76,67,76,gpu_vr_f75303@4d,76,3855,3695,,76,99.64,2017,100
120,runB-ec-native,62,57,53,44,68,76,67,75,gpu_vr_f75303@4d,76,3870,3709,,76,99.69,2017,100
123,runB-ec-native,62,57,53,45,68,75,67,75,gpu_vr_f75303@4d,75,3870,3709,,76,99.71,1995,100
125,runB-ec-native,62,56,53,45,68,75,67,75,gpu_vr_f75303@4d,75,4028,3916,,76,99.67,1987,100
127,runB-ec-native,62,57,53,44,68,76,67,75,gpu_vr_f75303@4d,76,4012,3900,,76,99.62,1995,100
129,runB-ec-native,62,57,53,45,69,75,67,75,gpu_vr_f75303@4d,75,4012,3932,,76,99.51,1995,100
132,runB-ec-native,62,56,53,44,68,75,68,75,gpu_vr_f75303@4d,75,3996,3916,,76,99.46,1995,100
134,runB-ec-native,62,57,53,45,68,76,68,75,gpu_vr_f75303@4d,76,3996,3916,,76,99.64,1995,100
136,runB-ec-native,62,57,53,44,68,76,68,75,gpu_vr_f75303@4d,76,3996,3916,,76,99.68,2040,100
138,runB-ec-native,62,57,53,45,68,76,68,75,gpu_vr_f75303@4d,76,4012,3932,,76,99.62,2040,100
141,runB-ec-native,62,56,53,44,68,76,68,75,gpu_vr_f75303@4d,76,4012,3916,,76,99.66,1995,100
143,runB-ec-native,62,56,53,44,68,76,68,75,gpu_vr_f75303@4d,76,3996,3885,,76,99.74,2002,100
145,runB-ec-native,62,57,53,44,69,76,68,75,gpu_vr_f75303@4d,76,3996,3855,,76,99.66,2002,100
147,runB-ec-native,62,57,53,44,69,76,68,75,gpu_vr_f75303@4d,76,4012,3855,,76,99.56,1995,100
150,runB-ec-native,62,57,53,44,69,76,68,75,gpu_vr_f75303@4d,76,3996,3840,,76,99.53,1995,100
152,runB-ec-native,62,57,52,44,69,76,68,75,gpu_vr_f75303@4d,76,4012,3855,,76,99.66,2055,100
154,runB-ec-native,62,57,53,44,69,76,69,75,gpu_vr_f75303@4d,76,4012,3825,,76,99.59,2055,100
157,runB-ec-native,62,57,53,44,69,77,68,75,gpu_vr_f75303@4d,77,3996,3855,,76,99.68,1987,100
159,runB-ec-native,62,57,53,44,69,76,69,75,gpu_vr_f75303@4d,76,4012,3840,,76,99.64,1995,100
161,runB-ec-native,62,57,53,44,69,76,68,75,gpu_vr_f75303@4d,76,3996,3840,,76,99.65,2002,100
163,runB-ec-native,62,57,53,44,69,76,68,75,gpu_vr_f75303@4d,76,3996,3855,,76,99.73,2002,100
166,runB-ec-native,62,57,53,44,69,76,68,75,gpu_vr_f75303@4d,76,4012,3840,,76,99.68,1995,100
168,runB-ec-native,62,57,53,44,69,76,68,75,gpu_vr_f75303@4d,76,4012,3855,,76,99.57,1987,100
170,runB-ec-native,62,57,53,44,69,76,68,76,gpu_vr_f75303@4d,76,4012,3855,,76,99.65,2025,100
172,runB-ec-native,62,57,53,44,69,76,69,75,gpu_vr_f75303@4d,76,4012,3855,,76,99.65,2025,100
175,runB-ec-native,62,57,53,44,69,76,68,75,gpu_vr_f75303@4d,76,4012,3840,,76,99.57,1995,100
177,runB-ec-native,62,57,53,44,69,76,68,75,gpu_vr_f75303@4d,76,4012,3840,,76,99.65,1987,100
179,runB-ec-native,62,57,53,44,69,76,68,75,gpu_vr_f75303@4d,76,4028,3840,,76,99.56,1995,100
181,runB-ec-native,62,57,52,45,69,76,68,76,gpu_vr_f75303@4d,76,4012,3855,,76,99.68,1995,100
184,runB-ec-native,62,57,53,44,69,77,68,76,gpu_vr_f75303@4d,77,3996,3840,,76,99.67,1987,100
186,runB-ec-native,62,58,53,45,70,77,69,76,gpu_vr_f75303@4d,77,4012,3855,,76,99.74,1995,100
188,runB-ec-native,62,57,53,45,69,77,68,75,gpu_vr_f75303@4d,77,4012,3855,,76,99.62,2002,100
190,runB-ec-native,62,57,53,45,69,77,68,76,gpu_vr_f75303@4d,77,4012,3840,,76,99.74,2002,100
193,runB-ec-native,62,57,52,44,70,77,68,76,gpu_vr_f75303@4d,77,4012,3855,,76,99.96,1987,100
195,runB-ec-native,62,57,52,44,69,77,68,76,gpu_vr_f75303@4d,77,3996,3840,,76,100.14,1995,100
197,runB-ec-native,62,57,53,44,69,77,69,75,gpu_vr_f75303@4d,77,4012,3840,,76,99.55,1995,100
199,runB-ec-native,62,57,53,45,69,77,68,75,gpu_vr_f75303@4d,77,3996,3855,,77,99.51,1995,100
202,runB-ec-native,62,57,53,45,69,77,69,72,gpu_vr_f75303@4d,77,3996,3855,,77,99.72,1987,100
204,runB-ec-native,62,57,53,44,70,77,69,76,gpu_vr_f75303@4d,77,4012,3840,,76,99.67,1995,100
206,runB-ec-native,62,57,53,44,70,77,69,76,gpu_vr_f75303@4d,77,4012,3840,,76,99.57,1987,100
209,runB-ec-native,62,57,53,44,69,77,69,76,gpu_vr_f75303@4d,77,4012,3840,,76,99.71,2002,100
211,runB-ec-native,62,57,53,44,69,77,69,75,gpu_vr_f75303@4d,77,3996,3840,,76,99.78,1995,100
213,runB-ec-native,62,57,53,45,69,77,69,75,gpu_vr_f75303@4d,77,4012,3840,,76,99.51,1995,100
215,runB-ec-native,62,57,53,44,69,77,69,76,gpu_vr_f75303@4d,77,3996,3840,,76,99.62,1995,100
218,runB-ec-native,61,57,53,44,69,77,69,75,gpu_vr_f75303@4d,77,4012,3855,,76,99.54,2032,100
220,runB-ec-native,62,58,53,44,69,77,69,75,gpu_vr_f75303@4d,77,3996,3855,,77,99.75,2047,100
222,runB-ec-native,62,57,53,45,69,77,68,76,gpu_vr_f75303@4d,77,4012,3840,,76,99.63,1995,100
224,runB-ec-native,62,57,53,44,69,77,68,76,gpu_vr_f75303@4d,77,4012,3840,,76,99.73,1987,100
227,runB-ec-native,62,57,52,44,69,77,68,76,gpu_vr_f75303@4d,77,4012,3855,,76,99.67,2002,100
229,runB-ec-native,62,57,53,44,69,77,69,76,gpu_vr_f75303@4d,77,3996,3840,,76,100.02,1995,100
231,runB-ec-native,62,57,53,44,69,77,69,76,gpu_vr_f75303@4d,77,3996,3855,,76,99.68,1995,100
233,runB-ec-native,61,57,53,44,69,77,69,76,gpu_vr_f75303@4d,77,3996,3840,,76,99.67,1995,100
236,runB-ec-native,61,57,52,44,69,77,69,76,gpu_vr_f75303@4d,77,3996,3855,,76,99.62,2017,100
238,runB-ec-native,62,57,53,44,69,77,69,76,gpu_vr_f75303@4d,77,4012,3840,,76,99.79,2032,100
240,runB-ec-native,62,57,53,44,70,78,69,76,gpu_vr_f75303@4d,78,3996,3840,,76,99.66,1995,100
242,runB-ec-native,62,57,53,44,70,77,69,76,gpu_vr_f75303@4d,77,4012,3840,,76,99.65,1987,100
245,runB-ec-native,61,57,53,44,70,77,69,76,gpu_vr_f75303@4d,77,4012,3855,,76,99.65,1995,100
247,runB-ec-native,62,57,53,44,70,77,69,76,gpu_vr_f75303@4d,77,3996,3840,,76,99.57,1995,100
249,runB-ec-native,62,57,53,45,70,77,69,75,gpu_vr_f75303@4d,77,4012,3840,,76,99.66,1987,100
252,runB-ec-native,62,57,53,44,70,78,69,76,gpu_vr_f75303@4d,78,4012,3855,,76,99.72,2002,100
254,runB-ec-native,62,57,53,44,70,78,69,76,gpu_vr_f75303@4d,78,4012,3840,,76,99.76,2032,100
256,runB-ec-native,61,58,53,51,70,78,69,76,gpu_vr_f75303@4d,78,4012,3840,,76,99.55,1987,100
258,runB-ec-native,62,57,53,63,70,77,69,63,gpu_vr_f75303@4d,77,4012,3855,,63,42.82,2340,0
260,runB-ec-native,62,58,54,53,70,77,69,60,gpu_vr_f75303@4d,77,4012,3840,,60,11.60,180,0
263,runB-ec-native,62,57,53,47,69,75,69,58,gpu_vr_f75303@4d,75,3996,3855,,58,11.10,180,0
265,runB-ec-native,61,57,53,46,70,75,67,56,gpu_vr_f75303@4d,75,3870,3654,,56,10.88,180,0
267,runB-ec-native,61,57,53,45,70,74,67,55,gpu_vr_f75303@4d,74,3600,3523,,55,8.33,180,0
270,runB-ec-native,60,57,53,45,69,72,66,53,gpu_vr_f75303@4d,72,2987,2997,,54,6.00,180,0
272,runB-ec-native,61,57,52,45,67,71,65,52,gpu_vr_f75303@4d,71,2899,2866,,53,5.92,180,0
274,runB-ec-native,60,57,53,44,67,71,64,52,gpu_vr_f75303@4d,71,2730,2540,,52,5.84,180,0
276,runB-ec-native,60,57,52,45,66,70,64,51,gpu_vr_f75303@4d,70,2368,2146,,52,5.79,180,0
279,runB-ec-native,59,57,53,45,66,69,63,51,gpu_vr_f75303@4d,69,2368,2123,,51,5.71,180,0
281,runB-ec-native,59,56,53,45,65,69,61,51,gpu_vr_f75303@4d,69,2368,2280,,51,5.69,180,0
283,runB-ec-native,59,56,53,45,64,69,60,50,gpu_vr_f75303@4d,69,2374,2280,,51,5.70,180,0
285,runB-ec-native,59,55,53,45,63,68,60,50,gpu_vr_f75303@4d,68,2374,2286,,50,5.71,180,0
288,runB-ec-native,59,56,53,45,62,67,60,49,gpu_vr_f75303@4d,67,2368,2275,,50,5.58,180,0
